Date published,Recommendation,File name,Page Count,Public URL,Page References,File type,Size (bytes),Audit Report,Website,Server,Server IP,File extension,Duplicate of,Source folder on server,File location (relative to source folder),Full file path on server,Content hash (SHA-256),Delete?,Notes
2026-05-22T16:26:50.000Z,Accessible,2026_dvfrc_biennial_report_5ddddc728f.pdf,6,https://dvfr.icjia-api.cloud/uploads/2026_dvfrc_biennial_report_5ddddc728f.pdf,https://dvfr.illinois.gov/about/resources/,pdf,406979,https://audit.icjia.app/report/bbda2e5f492a605e36aa8b2154aced71,DVFR,dvfr-strapi-prod,192.241.146.85,pdf,,/home/forge/dvfr.icjia-api.cloud/strapi_v4/public/uploads,2026_dvfrc_biennial_report_5ddddc728f.pdf,/home/forge/dvfr.icjia-api.cloud/strapi_v4/public/uploads/2026_dvfrc_biennial_report_5ddddc728f.pdf,b2f83c73e0dede34c2e72a7320d8ffc5faed6d23dcf3a6f9cd892f22de691f70,,
2026-05-08T12:28:09.000Z,Remediate,2025_DVFRC_Annual_Report_05042026_7a00ef57e7.pdf,16,https://dvfr.icjia-api.cloud/uploads/2025_DVFRC_Annual_Report_05042026_7a00ef57e7.pdf,https://dvfr.illinois.gov/about/resources/,pdf,627710,https://audit.icjia.app/report/aceabdde5e1860153024d4dc015b3123,DVFR,dvfr-strapi-prod,192.241.146.85,pdf,,/home/forge/dvfr.icjia-api.cloud/strapi_v4/public/uploads,2025_DVFRC_Annual_Report_05042026_7a00ef57e7.pdf,/home/forge/dvfr.icjia-api.cloud/strapi_v4/public/uploads/2025_DVFRC_Annual_Report_05042026_7a00ef57e7.pdf,2b6f981443cc33d45657ff9c986b5f1ec617e54bae59550965978eb373616c74,,
2026-04-22T14:46:41.000Z,Remove,2025_DVFRC_Annual_Report_04222026_2b21b71063.pdf,16,https://dvfr.icjia-api.cloud/uploads/2025_DVFRC_Annual_Report_04222026_2b21b71063.pdf,No,pdf,626346,https://audit.icjia.app/report/ff68ce90a5ae1747bf050d46b809f1cc,DVFR,dvfr-strapi-prod,192.241.146.85,pdf,,/home/forge/dvfr.icjia-api.cloud/strapi_v4/public/uploads,2025_DVFRC_Annual_Report_04222026_2b21b71063.pdf,/home/forge/dvfr.icjia-api.cloud/strapi_v4/public/uploads/2025_DVFRC_Annual_Report_04222026_2b21b71063.pdf,2baab45d380332230d4beb55741f9e66a5815542f5678acc092440efe9a99a5f,,
2026-03-18T13:21:22.000Z,Remove,Illinois_Domestic_Violence_Fatality_Review_Committee_2026_Biennial_Report_af00866c90.pdf,5,https://dvfr.icjia-api.cloud/uploads/Illinois_Domestic_Violence_Fatality_Review_Committee_2026_Biennial_Report_af00866c90.pdf,No,pdf,121657,https://audit.icjia.app/report/0cceb66cf8e78b18236a95d28e49365d,DVFR,dvfr-strapi-prod,192.241.146.85,pdf,,/home/forge/dvfr.icjia-api.cloud/strapi_v4/public/uploads,Illinois_Domestic_Violence_Fatality_Review_Committee_2026_Biennial_Report_af00866c90.pdf,/home/forge/dvfr.icjia-api.cloud/strapi_v4/public/uploads/Illinois_Domestic_Violence_Fatality_Review_Committee_2026_Biennial_Report_af00866c90.pdf,969345b7f67b6ec7be38852dd382ae71333bbeec073b2863cf1e2fa04e9c0bc5,,
2026-03-18T13:21:02.000Z,Remove,DVFRC_Annual_2025_Report_7f68601e2b.pdf,14,https://dvfr.icjia-api.cloud/uploads/DVFRC_Annual_2025_Report_7f68601e2b.pdf,No,pdf,261553,https://audit.icjia.app/report/523f0423b133193693849ce9c31b9ece,DVFR,dvfr-strapi-prod,192.241.146.85,pdf,,/home/forge/dvfr.icjia-api.cloud/strapi_v4/public/uploads,DVFRC_Annual_2025_Report_7f68601e2b.pdf,/home/forge/dvfr.icjia-api.cloud/strapi_v4/public/uploads/DVFRC_Annual_2025_Report_7f68601e2b.pdf,711bbd5d3647fbb689bcaf335e749d6855ebc3c9a19a5a948518cf6aa7c11fdf,,
2026-02-05T15:21:56.000Z,Remediate,Agenda_2_10_2026_7c95f47a54.pdf,1,https://dvfr.icjia-api.cloud/uploads/Agenda_2_10_2026_7c95f47a54.pdf,https://dvfr.illinois.gov/meetings/illinois-domestic-violence-fatality-review-committee-feb-10-2026/,pdf,77306,https://audit.icjia.app/report/701cf430091cebc87eab5e8402aa2871,DVFR,dvfr-strapi-prod,192.241.146.85,pdf,,/home/forge/dvfr.icjia-api.cloud/strapi_v4/public/uploads,Agenda_2_10_2026_7c95f47a54.pdf,/home/forge/dvfr.icjia-api.cloud/strapi_v4/public/uploads/Agenda_2_10_2026_7c95f47a54.pdf,13ba9d55660c791d50feef5874edc10cb9e1093a5826c5f829fa2017fc14dba9,,
2025-11-17T20:50:58.000Z,Remediate,Agenda_11_19_25_Final_8d87cf7d9d.pdf,1,https://dvfr.icjia-api.cloud/uploads/Agenda_11_19_25_Final_8d87cf7d9d.pdf,https://dvfr.illinois.gov/meetings/illinois-domestic-violence-fatality-review-committee-nov-19-2025/,pdf,104080,https://audit.icjia.app/report/2ca76d2cdc2d52d9922cf2ed9908b85b,DVFR,dvfr-strapi-prod,192.241.146.85,pdf,,/home/forge/dvfr.icjia-api.cloud/strapi_v4/public/uploads,Agenda_11_19_25_Final_8d87cf7d9d.pdf,/home/forge/dvfr.icjia-api.cloud/strapi_v4/public/uploads/Agenda_11_19_25_Final_8d87cf7d9d.pdf,1e7b46e094819af440e2fa1270f74a8f66724810a566c0f62f081d2cfaa1edff,,
2025-11-05T16:10:39.000Z,Remediate,Interviewing_Conversation_10_21_24_5eff27830a.pdf,2,https://dvfr.icjia-api.cloud/uploads/Interviewing_Conversation_10_21_24_5eff27830a.pdf,https://dvfr.illinois.gov/meetings/illinois-domestic-violence-fatality-review-committee-october-21-2024/,pdf,123776,https://audit.icjia.app/report/942964451abfd42dc0959a4b742631cb,DVFR,dvfr-strapi-prod,192.241.146.85,pdf,,/home/forge/dvfr.icjia-api.cloud/strapi_v4/public/uploads,Interviewing_Conversation_10_21_24_5eff27830a.pdf,/home/forge/dvfr.icjia-api.cloud/strapi_v4/public/uploads/Interviewing_Conversation_10_21_24_5eff27830a.pdf,aa486db90193321ae548928cc1b00f33577a08b8ca75d8a2348cc841fb73678f,,
2025-11-05T16:10:13.000Z,Remediate,Feb_2025_Minutes_139a8f9e11.pdf,6,https://dvfr.icjia-api.cloud/uploads/Feb_2025_Minutes_139a8f9e11.pdf,https://dvfr.illinois.gov/meetings/illinois-domestic-violence-fatality-review-committee-feb-4-2025/,pdf,81790,https://audit.icjia.app/report/fb973be87c5ef62d55b54200287efe11,DVFR,dvfr-strapi-prod,192.241.146.85,pdf,,/home/forge/dvfr.icjia-api.cloud/strapi_v4/public/uploads,Feb_2025_Minutes_139a8f9e11.pdf,/home/forge/dvfr.icjia-api.cloud/strapi_v4/public/uploads/Feb_2025_Minutes_139a8f9e11.pdf,21828cbef843f861f4efac39ced959884e905cd0f6d89c09c57bbde5283a1b5b,,
2025-11-05T16:09:45.000Z,Remediate,DVFRC_Minutes_May_6_2025_Complete_Amended_06b8ec1142.pdf,6,https://dvfr.icjia-api.cloud/uploads/DVFRC_Minutes_May_6_2025_Complete_Amended_06b8ec1142.pdf,https://dvfr.illinois.gov/meetings/illinois-domestic-violence-fatality-review-committee-may-6-2025/,pdf,159192,https://audit.icjia.app/report/ec72064a584fa106715e05ffdd07edf8,DVFR,dvfr-strapi-prod,192.241.146.85,pdf,,/home/forge/dvfr.icjia-api.cloud/strapi_v4/public/uploads,DVFRC_Minutes_May_6_2025_Complete_Amended_06b8ec1142.pdf,/home/forge/dvfr.icjia-api.cloud/strapi_v4/public/uploads/DVFRC_Minutes_May_6_2025_Complete_Amended_06b8ec1142.pdf,80dd260035e667068f3c60308b7484542cd5fe9935e0f85d521b4ea799432eb3,,
2025-10-31T18:20:30.000Z,Remediate,Agenda_11_4_25_Final_1eec6e5a67.pdf,2,https://dvfr.icjia-api.cloud/uploads/Agenda_11_4_25_Final_1eec6e5a67.pdf,https://dvfr.illinois.gov/meetings/illinois-domestic-violence-fatality-review-committee-november-4-2025/,pdf,77979,https://audit.icjia.app/report/410039312d1e98d378dac05c4e445d56,DVFR,dvfr-strapi-prod,192.241.146.85,pdf,,/home/forge/dvfr.icjia-api.cloud/strapi_v4/public/uploads,Agenda_11_4_25_Final_1eec6e5a67.pdf,/home/forge/dvfr.icjia-api.cloud/strapi_v4/public/uploads/Agenda_11_4_25_Final_1eec6e5a67.pdf,66ec78675b09d858e4275438193698ea8a1aca22c9d8cb9402bfb57148863126,,
2025-07-28T18:40:16.000Z,Remediate,DVFRC_Agenda_8_5_25_2eebbb825f.pdf,1,https://dvfr.icjia-api.cloud/uploads/DVFRC_Agenda_8_5_25_2eebbb825f.pdf,https://dvfr.illinois.gov/meetings/illinois-domestic-violence-fatality-review-committee-aug-5-2025/,pdf,171438,https://audit.icjia.app/report/4c79e6c048234cd017c1b73af73437ae,DVFR,dvfr-strapi-prod,192.241.146.85,pdf,,/home/forge/dvfr.icjia-api.cloud/strapi_v4/public/uploads,DVFRC_Agenda_8_5_25_2eebbb825f.pdf,/home/forge/dvfr.icjia-api.cloud/strapi_v4/public/uploads/DVFRC_Agenda_8_5_25_2eebbb825f.pdf,0bbdccd11d5270d0fbfa3f7d3ea7acf324d0809e3081eeb45fa116ea893eae7d,,
2025-05-03T16:50:25.000Z,Remediate,DVFRC_Agenda5_6_25_53d5ff4c61.pdf,2,https://dvfr.icjia-api.cloud/uploads/DVFRC_Agenda5_6_25_53d5ff4c61.pdf,https://dvfr.illinois.gov/meetings/illinois-domestic-violence-fatality-review-committee-may-6-2025/,pdf,99509,https://audit.icjia.app/report/bd6c300d4e39b4c032cb07738126e8c3,DVFR,dvfr-strapi-prod,192.241.146.85,pdf,,/home/forge/dvfr.icjia-api.cloud/strapi_v4/public/uploads,DVFRC_Agenda5_6_25_53d5ff4c61.pdf,/home/forge/dvfr.icjia-api.cloud/strapi_v4/public/uploads/DVFRC_Agenda5_6_25_53d5ff4c61.pdf,979fd99933bb42197f2e96c073c062088638607fb2b9c73425039d64ce666539,,
2025-04-16T17:21:55.000Z,Remediate,2024_DVFRC_Annual_Report_4_15_f637ee1fcc.pdf,20,https://dvfr.icjia-api.cloud/uploads/2024_DVFRC_Annual_Report_4_15_f637ee1fcc.pdf,https://dvfr.illinois.gov/about/resources/,pdf,10482638,https://audit.icjia.app/report/7331764dc5bad99d589e7f96a3b6b77b,DVFR,dvfr-strapi-prod,192.241.146.85,pdf,,/home/forge/dvfr.icjia-api.cloud/strapi_v4/public/uploads,2024_DVFRC_Annual_Report_4_15_f637ee1fcc.pdf,/home/forge/dvfr.icjia-api.cloud/strapi_v4/public/uploads/2024_DVFRC_Annual_Report_4_15_f637ee1fcc.pdf,063671e4228857c00a25c6223fe614db6facc2b2813a1c99174220a86c9eac0c,,
2025-03-26T19:26:11.000Z,Remove,2024_DVFRC_Annual_Report_234b565420.pdf,20,https://dvfr.icjia-api.cloud/uploads/2024_DVFRC_Annual_Report_234b565420.pdf,No,pdf,2884897,https://audit.icjia.app/report/04e6f95bf9ebd64686a232087e40cf84,DVFR,dvfr-strapi-prod,192.241.146.85,pdf,,/home/forge/dvfr.icjia-api.cloud/strapi_v4/public/uploads,2024_DVFRC_Annual_Report_234b565420.pdf,/home/forge/dvfr.icjia-api.cloud/strapi_v4/public/uploads/2024_DVFRC_Annual_Report_234b565420.pdf,0a3e8399116c22cbcce9ef39e815806cb21f3bb642c4a5c66bf9a19359d86e8d,,
2025-02-07T17:10:00.000Z,Remediate,DVFR_minutes_081324_16df5c462b.pdf,8,https://dvfr.icjia-api.cloud/uploads/DVFR_minutes_081324_16df5c462b.pdf,https://dvfr.illinois.gov/meetings/illinois-domestic-violence-fatality-review-committee-aug-13-2024/,pdf,59573,https://audit.icjia.app/report/f2964e3174a87b1f94051e1e50014212,DVFR,dvfr-strapi-prod,192.241.146.85,pdf,,/home/forge/dvfr.icjia-api.cloud/strapi_v4/public/uploads,DVFR_minutes_081324_16df5c462b.pdf,/home/forge/dvfr.icjia-api.cloud/strapi_v4/public/uploads/DVFR_minutes_081324_16df5c462b.pdf,1ff01ff4aeed4f5eedc54be6cd819f888521024f8d64dbde6a68fdb2eb4fdaf2,,
2025-02-07T17:09:22.000Z,Remediate,2024_5_21_DVFR_Statewide_Commitee_Meeting_Minutes_4161a209d8.pdf,5,https://dvfr.icjia-api.cloud/uploads/2024_5_21_DVFR_Statewide_Commitee_Meeting_Minutes_4161a209d8.pdf,https://dvfr.illinois.gov/meetings/illinois-domestic-violence-fatality-review-committee-may-21-2024/,pdf,133191,https://audit.icjia.app/report/b1916b52efe569a8b5a8df6b71972a2d,DVFR,dvfr-strapi-prod,192.241.146.85,pdf,,/home/forge/dvfr.icjia-api.cloud/strapi_v4/public/uploads,2024_5_21_DVFR_Statewide_Commitee_Meeting_Minutes_4161a209d8.pdf,/home/forge/dvfr.icjia-api.cloud/strapi_v4/public/uploads/2024_5_21_DVFR_Statewide_Commitee_Meeting_Minutes_4161a209d8.pdf,c44f71115ce7e46d45782020f652a6aeed2bbf6d705ddb4f7a202e776c873153,,
2025-02-07T17:07:04.000Z,Remediate,DVFR_minutes_111924_1d8bbe3e5d.pdf,11,https://dvfr.icjia-api.cloud/uploads/DVFR_minutes_111924_1d8bbe3e5d.pdf,https://dvfr.illinois.gov/meetings/illinois-domestic-violence-fatality-review-committee-nov-19-2024/,pdf,70064,https://audit.icjia.app/report/19da0349d957a78b6bfb437efc81f73b,DVFR,dvfr-strapi-prod,192.241.146.85,pdf,,/home/forge/dvfr.icjia-api.cloud/strapi_v4/public/uploads,DVFR_minutes_111924_1d8bbe3e5d.pdf,/home/forge/dvfr.icjia-api.cloud/strapi_v4/public/uploads/DVFR_minutes_111924_1d8bbe3e5d.pdf,40bca6e357a3438c1e7bceef8849d74d2254d7429e5e19ada4531f04df3e1cf8,,
2025-01-29T15:25:48.000Z,Remediate,DVFR_Agenda_2_4_2025_5d0df868ea.pdf,1,https://dvfr.icjia-api.cloud/uploads/DVFR_Agenda_2_4_2025_5d0df868ea.pdf,https://dvfr.illinois.gov/meetings/illinois-domestic-violence-fatality-review-committee-feb-4-2025/,pdf,86578,https://audit.icjia.app/report/744ceeeb642a359eeceb0eae67fbe95e,DVFR,dvfr-strapi-prod,192.241.146.85,pdf,,/home/forge/dvfr.icjia-api.cloud/strapi_v4/public/uploads,DVFR_Agenda_2_4_2025_5d0df868ea.pdf,/home/forge/dvfr.icjia-api.cloud/strapi_v4/public/uploads/DVFR_Agenda_2_4_2025_5d0df868ea.pdf,cf4573c6d102b3b7d0dd49ab142a9ea3972131a22fae45deb3630221b733fedf,,
2024-10-18T18:42:13.000Z,Remediate,DVFRC_Agenda_10_21_2024_FINAL_eccf8bc373.pdf,1,https://dvfr.icjia-api.cloud/uploads/DVFRC_Agenda_10_21_2024_FINAL_eccf8bc373.pdf,https://dvfr.illinois.gov/meetings/illinois-domestic-violence-fatality-review-committee-october-21-2024/,pdf,71881,https://audit.icjia.app/report/c58ac7c4d2fb55be87f36ead3be0b27f,DVFR,dvfr-strapi-prod,192.241.146.85,pdf,,/home/forge/dvfr.icjia-api.cloud/strapi_v4/public/uploads,DVFRC_Agenda_10_21_2024_FINAL_eccf8bc373.pdf,/home/forge/dvfr.icjia-api.cloud/strapi_v4/public/uploads/DVFRC_Agenda_10_21_2024_FINAL_eccf8bc373.pdf,bd6facd3f71267ad921f28625046d59898196a8ba2f3fecf2913fb30f746701b,,
2024-08-07T22:29:36.000Z,Remediate,DVFRC_Agenda_08_13_2024_9486f194bf.pdf,1,https://dvfr.icjia-api.cloud/uploads/DVFRC_Agenda_08_13_2024_9486f194bf.pdf,https://dvfr.illinois.gov/meetings/illinois-domestic-violence-fatality-review-committee-aug-13-2024/,pdf,45690,https://audit.icjia.app/report/962c5ee9104c75aa56b2b546a4f602d5,DVFR,dvfr-strapi-prod,192.241.146.85,pdf,,/home/forge/dvfr.icjia-api.cloud/strapi_v4/public/uploads,DVFRC_Agenda_08_13_2024_9486f194bf.pdf,/home/forge/dvfr.icjia-api.cloud/strapi_v4/public/uploads/DVFRC_Agenda_08_13_2024_9486f194bf.pdf,f34abfe50a564f6f02349f2195ddbbe8d57ffa5f28a54cba17769782b465a3ed,,
2024-08-05T17:39:20.000Z,Archive,DVFR_RRT_Guide_V1_FINAL_bdae575aa2.pdf,102,https://dvfr.icjia-api.cloud/uploads/DVFR_RRT_Guide_V1_FINAL_bdae575aa2.pdf,https://dvfr.illinois.gov/about/resources/,pdf,1819727,https://audit.icjia.app/report/78c13ed9f483a616c71693254fb35f90,DVFR,dvfr-strapi-prod,192.241.146.85,pdf,,/home/forge/dvfr.icjia-api.cloud/strapi_v4/public/uploads,DVFR_RRT_Guide_V1_FINAL_bdae575aa2.pdf,/home/forge/dvfr.icjia-api.cloud/strapi_v4/public/uploads/DVFR_RRT_Guide_V1_FINAL_bdae575aa2.pdf,2e9eeff303759d495807d91c498de328be893e12d18fe406d6933cfd84b42bf6,,
2024-05-24T18:41:12.000Z,Archive,DVFR_minutes_091923final_2c19d91780.pdf,7,https://dvfr.icjia-api.cloud/uploads/DVFR_minutes_091923final_2c19d91780.pdf,https://dvfr.illinois.gov/meetings/illinois-domestic-violence-fatality-review-committee-sep-19-2023/,pdf,64145,https://audit.icjia.app/report/d39b53c17d4cbcd03a3bcdcd857bb01f,DVFR,dvfr-strapi-prod,192.241.146.85,pdf,,/home/forge/dvfr.icjia-api.cloud/strapi_v4/public/uploads,DVFR_minutes_091923final_2c19d91780.pdf,/home/forge/dvfr.icjia-api.cloud/strapi_v4/public/uploads/DVFR_minutes_091923final_2c19d91780.pdf,d4f0803d66621dd2abebf84569cc6184b30844b38ead278ea2d7cbbbb14f5970,,
2024-05-24T18:40:47.000Z,Remediate,DVFR_minutes_022024_6b3c546936.pdf,5,https://dvfr.icjia-api.cloud/uploads/DVFR_minutes_022024_6b3c546936.pdf,https://dvfr.illinois.gov/meetings/illinois-domestic-violence-fatality-review-committee-feb-20-2024/,pdf,198121,https://audit.icjia.app/report/453a39b062dc63898a79eb1309c639cf,DVFR,dvfr-strapi-prod,192.241.146.85,pdf,,/home/forge/dvfr.icjia-api.cloud/strapi_v4/public/uploads,DVFR_minutes_022024_6b3c546936.pdf,/home/forge/dvfr.icjia-api.cloud/strapi_v4/public/uploads/DVFR_minutes_022024_6b3c546936.pdf,9cd5c83f31a3574c1f3fe38ae3d91773f5c5552a88d17ab3060a513a07d40ea2,,
2024-05-24T18:39:35.000Z,Archive,DVFR_minutes_071823_final_37f528ccbd.pdf,5,https://dvfr.icjia-api.cloud/uploads/DVFR_minutes_071823_final_37f528ccbd.pdf,https://dvfr.illinois.gov/meetings/meeting/,pdf,194462,https://audit.icjia.app/report/1d04105aa31e971e6de799f191421af6,DVFR,dvfr-strapi-prod,192.241.146.85,pdf,,/home/forge/dvfr.icjia-api.cloud/strapi_v4/public/uploads,DVFR_minutes_071823_final_37f528ccbd.pdf,/home/forge/dvfr.icjia-api.cloud/strapi_v4/public/uploads/DVFR_minutes_071823_final_37f528ccbd.pdf,e05e92747b01688d0fc6fdc8eee38398e829e65fe41fa32ef6d92dec319f1dbb,,
2024-05-16T13:32:05.000Z,Remediate,DVFRC_Agenda_5_21_2024_FINAL_cbb2986b1e.pdf,1,https://dvfr.icjia-api.cloud/uploads/DVFRC_Agenda_5_21_2024_FINAL_cbb2986b1e.pdf,https://dvfr.illinois.gov/meetings/illinois-domestic-violence-fatality-review-committee-may-21-2024/,pdf,113174,https://audit.icjia.app/report/5975bd4c741a83168f760c842e6262ea,DVFR,dvfr-strapi-prod,192.241.146.85,pdf,,/home/forge/dvfr.icjia-api.cloud/strapi_v4/public/uploads,DVFRC_Agenda_5_21_2024_FINAL_cbb2986b1e.pdf,/home/forge/dvfr.icjia-api.cloud/strapi_v4/public/uploads/DVFRC_Agenda_5_21_2024_FINAL_cbb2986b1e.pdf,9a896a55ebd8fc67ebbd1d8f92e2d6ce5f11932dc5d3f94b97104c5fc41c8de3,,
2024-03-28T21:10:55.000Z,Remediate,DVFR_Biennial_Report_2024_FINAL_PUBLISHED_d01bf7bffd.pdf,4,https://dvfr.icjia-api.cloud/uploads/DVFR_Biennial_Report_2024_FINAL_PUBLISHED_d01bf7bffd.pdf,"https://dvfr.illinois.gov/about/resources/
https://infonet.icjia.illinois.gov/news/icjia-statewide-domestic-violence-fatality-review-committee-releases-reports",pdf,1923087,https://audit.icjia.app/report/0d715a53dabbe7ea2729abf753062c73,DVFR,dvfr-strapi-prod,192.241.146.85,pdf,,/home/forge/dvfr.icjia-api.cloud/strapi_v4/public/uploads,DVFR_Biennial_Report_2024_FINAL_PUBLISHED_d01bf7bffd.pdf,/home/forge/dvfr.icjia-api.cloud/strapi_v4/public/uploads/DVFR_Biennial_Report_2024_FINAL_PUBLISHED_d01bf7bffd.pdf,017c8c073aa8599d07632a9bae3d815992b119a51d11b6a6080d632239c98037,,
2024-03-11T18:55:13.000Z,Remediate,DVFR_Annual_Report_2023_FINAL_COMPRESSED_dee7ed44b6.pdf,46,https://dvfr.icjia-api.cloud/uploads/DVFR_Annual_Report_2023_FINAL_COMPRESSED_dee7ed44b6.pdf,"https://dvfr.illinois.gov/about/resources/
https://infonet.icjia.illinois.gov/news/icjia-statewide-domestic-violence-fatality-review-committee-releases-reports",pdf,1002140,https://audit.icjia.app/report/8afa730ac3bbc85886d335d0612f1f91,DVFR,dvfr-strapi-prod,192.241.146.85,pdf,,/home/forge/dvfr.icjia-api.cloud/strapi_v4/public/uploads,DVFR_Annual_Report_2023_FINAL_COMPRESSED_dee7ed44b6.pdf,/home/forge/dvfr.icjia-api.cloud/strapi_v4/public/uploads/DVFR_Annual_Report_2023_FINAL_COMPRESSED_dee7ed44b6.pdf,0ee9fe240523d4ff8fc880f3a687cad9d187ed4db1fd999fb6ec8b9210102bda,,
2024-02-14T20:21:14.000Z,Remediate,DVFRC_Agenda_2_20_2024_a78da4290c.pdf,1,https://dvfr.icjia-api.cloud/uploads/DVFRC_Agenda_2_20_2024_a78da4290c.pdf,https://dvfr.illinois.gov/meetings/illinois-domestic-violence-fatality-review-committee-feb-20-2024/,pdf,26536,https://audit.icjia.app/report/350f1926eccc5fcc73e945fcff7b127f,DVFR,dvfr-strapi-prod,192.241.146.85,pdf,,/home/forge/dvfr.icjia-api.cloud/strapi_v4/public/uploads,DVFRC_Agenda_2_20_2024_a78da4290c.pdf,/home/forge/dvfr.icjia-api.cloud/strapi_v4/public/uploads/DVFRC_Agenda_2_20_2024_a78da4290c.pdf,63e7992c5f21196a2a52b5503cfef5bdb2b8c5bba10a1d692b68b11080ba3183,,
2023-12-11T15:37:15.000Z,Remove,DVFRC_Agenda_12_12_23_CANCELLED_bbdd7bbdc6.pdf,1,https://dvfr.icjia-api.cloud/uploads/DVFRC_Agenda_12_12_23_CANCELLED_bbdd7bbdc6.pdf,https://dvfr.illinois.gov/meetings/illinois-domestic-violence-fatality-review-committee-dec-12-2023/,pdf,34333,https://audit.icjia.app/report/e4690aa7e8b12133844af37ad7a63e1b,DVFR,dvfr-strapi-prod,192.241.146.85,pdf,,/home/forge/dvfr.icjia-api.cloud/strapi_v4/public/uploads,DVFRC_Agenda_12_12_23_CANCELLED_bbdd7bbdc6.pdf,/home/forge/dvfr.icjia-api.cloud/strapi_v4/public/uploads/DVFRC_Agenda_12_12_23_CANCELLED_bbdd7bbdc6.pdf,a391da29d5853b325f2f793cc6e2f73db05cc056bce28ad7a4c04c4739efb79e,,
2023-12-07T13:13:05.000Z,Remove,DVFRC_Agenda_12_12_23_10a1793bec.pdf,1,https://dvfr.icjia-api.cloud/uploads/DVFRC_Agenda_12_12_23_10a1793bec.pdf,No,pdf,100245,https://audit.icjia.app/report/0e040e5e85ee80b6405a5335798365e0,DVFR,dvfr-strapi-prod,192.241.146.85,pdf,,/home/forge/dvfr.icjia-api.cloud/strapi_v4/public/uploads,DVFRC_Agenda_12_12_23_10a1793bec.pdf,/home/forge/dvfr.icjia-api.cloud/strapi_v4/public/uploads/DVFRC_Agenda_12_12_23_10a1793bec.pdf,11bb4594575f0a5bd0c1447d5d3e4088a67d3a60f9ea84e7fc9050ddd982e172,,
2023-09-21T12:02:05.000Z,Remove,Guest_Confidentilaity_Agreement_Final_32ab38f7fe.pdf,3,https://dvfr.icjia-api.cloud/uploads/Guest_Confidentilaity_Agreement_Final_32ab38f7fe.pdf,https://dvfr.illinois.gov/about/resources/,pdf,140492,https://audit.icjia.app/report/74ef97958333fc5cecb452bec60e2f1b,DVFR,dvfr-strapi-prod,192.241.146.85,pdf,,/home/forge/dvfr.icjia-api.cloud/strapi_v4/public/uploads,Guest_Confidentilaity_Agreement_Final_32ab38f7fe.pdf,/home/forge/dvfr.icjia-api.cloud/strapi_v4/public/uploads/Guest_Confidentilaity_Agreement_Final_32ab38f7fe.pdf,0c449a7556275b62340b2bef88fb7e750e0c27d8736c9d3b25e606057db06f14,,
2023-09-18T12:38:33.000Z,Archive,Agenda_DVFRC_September_2023_For_Posting_Updated_088540fa0b.pdf,1,https://dvfr.icjia-api.cloud/uploads/Agenda_DVFRC_September_2023_For_Posting_Updated_088540fa0b.pdf,https://dvfr.illinois.gov/meetings/illinois-domestic-violence-fatality-review-committee-sep-19-2023/,pdf,251688,https://audit.icjia.app/report/626202b4f96335e80706037ea7aa2f82,DVFR,dvfr-strapi-prod,192.241.146.85,pdf,,/home/forge/dvfr.icjia-api.cloud/strapi_v4/public/uploads,Agenda_DVFRC_September_2023_For_Posting_Updated_088540fa0b.pdf,/home/forge/dvfr.icjia-api.cloud/strapi_v4/public/uploads/Agenda_DVFRC_September_2023_For_Posting_Updated_088540fa0b.pdf,3a5a65c9e2480994ec3ed9171cb4d8570164d3635575702ffa1de6720d06174a,,
2023-09-18T12:38:19.000Z,Remove,Agenda_DVFRC_September_2023_For_Posting_Updated_0ef76b4700.pdf,1,https://dvfr.icjia-api.cloud/uploads/Agenda_DVFRC_September_2023_For_Posting_Updated_0ef76b4700.pdf,No,pdf,251688,https://audit.icjia.app/report/626202b4f96335e80706037ea7aa2f82,DVFR,dvfr-strapi-prod,192.241.146.85,pdf,,/home/forge/dvfr.icjia-api.cloud/strapi_v4/public/uploads,Agenda_DVFRC_September_2023_For_Posting_Updated_0ef76b4700.pdf,/home/forge/dvfr.icjia-api.cloud/strapi_v4/public/uploads/Agenda_DVFRC_September_2023_For_Posting_Updated_0ef76b4700.pdf,3a5a65c9e2480994ec3ed9171cb4d8570164d3635575702ffa1de6720d06174a,,
2023-09-15T21:30:46.000Z,Remove,Agenda_DVFRC_September_2023_For_Posting_37d541c1d1.pdf,1,https://dvfr.icjia-api.cloud/uploads/Agenda_DVFRC_September_2023_For_Posting_37d541c1d1.pdf,No,pdf,251688,https://audit.icjia.app/report/626202b4f96335e80706037ea7aa2f82,DVFR,dvfr-strapi-prod,192.241.146.85,pdf,,/home/forge/dvfr.icjia-api.cloud/strapi_v4/public/uploads,Agenda_DVFRC_September_2023_For_Posting_37d541c1d1.pdf,/home/forge/dvfr.icjia-api.cloud/strapi_v4/public/uploads/Agenda_DVFRC_September_2023_For_Posting_37d541c1d1.pdf,3a5a65c9e2480994ec3ed9171cb4d8570164d3635575702ffa1de6720d06174a,,
2023-07-18T19:58:48.000Z,Archive,DVFR_minutes_051623_d4af1d4dd5.pdf,6,https://dvfr.icjia-api.cloud/uploads/DVFR_minutes_051623_d4af1d4dd5.pdf,https://dvfr.illinois.gov/meetings/illinois-domestic-violence-fatality-review-committee-may-16-2023/,pdf,178646,https://audit.icjia.app/report/4bd7d5f1be06a4b92b5ea5e32570e5e6,DVFR,dvfr-strapi-prod,192.241.146.85,pdf,,/home/forge/dvfr.icjia-api.cloud/strapi_v4/public/uploads,DVFR_minutes_051623_d4af1d4dd5.pdf,/home/forge/dvfr.icjia-api.cloud/strapi_v4/public/uploads/DVFR_minutes_051623_d4af1d4dd5.pdf,ecd4adfae26d8bf6e2c913b60aebd12f69b9fa859f889d3778444b4474daca26,,
2023-07-18T19:55:28.000Z,Remove,DVFR_minutes_051623_d0ff3b7c52.pdf,6,https://dvfr.icjia-api.cloud/uploads/DVFR_minutes_051623_d0ff3b7c52.pdf,No,pdf,178646,https://audit.icjia.app/report/4bd7d5f1be06a4b92b5ea5e32570e5e6,DVFR,dvfr-strapi-prod,192.241.146.85,pdf,,/home/forge/dvfr.icjia-api.cloud/strapi_v4/public/uploads,DVFR_minutes_051623_d0ff3b7c52.pdf,/home/forge/dvfr.icjia-api.cloud/strapi_v4/public/uploads/DVFR_minutes_051623_d0ff3b7c52.pdf,ecd4adfae26d8bf6e2c913b60aebd12f69b9fa859f889d3778444b4474daca26,,
2023-07-18T19:54:49.000Z,Archive,3_21_23_DVFR_minutes_final_f66912fbe4.pdf,6,https://dvfr.icjia-api.cloud/uploads/3_21_23_DVFR_minutes_final_f66912fbe4.pdf,https://dvfr.illinois.gov/meetings/illinois-domestic-violence-fatality-review-committee-mar-21-2023/,pdf,472440,https://audit.icjia.app/report/84c3dd4919dc3aae5ee6104e9e51992a,DVFR,dvfr-strapi-prod,192.241.146.85,pdf,,/home/forge/dvfr.icjia-api.cloud/strapi_v4/public/uploads,3_21_23_DVFR_minutes_final_f66912fbe4.pdf,/home/forge/dvfr.icjia-api.cloud/strapi_v4/public/uploads/3_21_23_DVFR_minutes_final_f66912fbe4.pdf,76492a10e31d73f29082d484d3361070b8cd52a01bbc98d9124737c078634d12,,
2023-07-18T19:54:19.000Z,Archive,January_17_2023_Meeting_Minutes_Final_537c29f8a0.pdf,8,https://dvfr.icjia-api.cloud/uploads/January_17_2023_Meeting_Minutes_Final_537c29f8a0.pdf,https://dvfr.illinois.gov/meetings/illinois-domestic-violence-fatality-review-committee-jan-17-2023/,pdf,144222,https://audit.icjia.app/report/a5046eef4c1636216a9aa68dcff8bcf0,DVFR,dvfr-strapi-prod,192.241.146.85,pdf,,/home/forge/dvfr.icjia-api.cloud/strapi_v4/public/uploads,January_17_2023_Meeting_Minutes_Final_537c29f8a0.pdf,/home/forge/dvfr.icjia-api.cloud/strapi_v4/public/uploads/January_17_2023_Meeting_Minutes_Final_537c29f8a0.pdf,4edd1902c6aa34c88e2a3a172678439e6b464d8f181e8e5682842bc1bc66597d,,
2023-07-11T13:25:11.000Z,Archive,DVFR_Agenda_7_18_23_8a6d82de78.pdf,1,https://dvfr.icjia-api.cloud/uploads/DVFR_Agenda_7_18_23_8a6d82de78.pdf,https://dvfr.illinois.gov/meetings/meeting/,pdf,231181,https://audit.icjia.app/report/f8154a66aa46cf29a11cb3eb888912d1,DVFR,dvfr-strapi-prod,192.241.146.85,pdf,,/home/forge/dvfr.icjia-api.cloud/strapi_v4/public/uploads,DVFR_Agenda_7_18_23_8a6d82de78.pdf,/home/forge/dvfr.icjia-api.cloud/strapi_v4/public/uploads/DVFR_Agenda_7_18_23_8a6d82de78.pdf,1728b928ec6a37b176bbd38303db5b5e0701f380fb27d80a05f98fe223d0f5f0,,
2023-07-06T21:08:37.000Z,Remediate,2022_DVFR_Annual_Report_Final_a688e16b10.pdf,38,https://dvfr.icjia-api.cloud/uploads/2022_DVFR_Annual_Report_Final_a688e16b10.pdf,https://dvfr.illinois.gov/about/resources/,pdf,888068,https://audit.icjia.app/report/f3cdd6c4e9d3c9b8fa620e3c9248c0a0,DVFR,dvfr-strapi-prod,192.241.146.85,pdf,,/home/forge/dvfr.icjia-api.cloud/strapi_v4/public/uploads,2022_DVFR_Annual_Report_Final_a688e16b10.pdf,/home/forge/dvfr.icjia-api.cloud/strapi_v4/public/uploads/2022_DVFR_Annual_Report_Final_a688e16b10.pdf,d19add363d8c7830637ad210f7d21088b1d2cb95fa34d3955328206fec382297,,
2023-05-28T17:52:48.000Z,Remove,Confidentiality_Form_FINAL_2665bfbc6b.pdf,3,https://dvfr.icjia-api.cloud/uploads/Confidentiality_Form_FINAL_2665bfbc6b.pdf,https://dvfr.illinois.gov/about/resources/,pdf,196194,https://audit.icjia.app/report/fed1ad715f29c4af384c201077893a65,DVFR,dvfr-strapi-prod,192.241.146.85,pdf,,/home/forge/dvfr.icjia-api.cloud/strapi_v4/public/uploads,Confidentiality_Form_FINAL_2665bfbc6b.pdf,/home/forge/dvfr.icjia-api.cloud/strapi_v4/public/uploads/Confidentiality_Form_FINAL_2665bfbc6b.pdf,1c9f6e58b6a651691bfb36ebea34e8a4d585cb4de7fe2985e9e9c7c0facc0c87,,
2023-05-28T17:52:48.000Z,Remove,DVFR_FAQ_for_Review_Teams_a3f71ae843.pdf,3,https://dvfr.icjia-api.cloud/uploads/DVFR_FAQ_for_Review_Teams_a3f71ae843.pdf,https://dvfr.illinois.gov/about/resources/,pdf,240590,https://audit.icjia.app/report/5bfe0f5f2470b911e747348b57eb772d,DVFR,dvfr-strapi-prod,192.241.146.85,pdf,,/home/forge/dvfr.icjia-api.cloud/strapi_v4/public/uploads,DVFR_FAQ_for_Review_Teams_a3f71ae843.pdf,/home/forge/dvfr.icjia-api.cloud/strapi_v4/public/uploads/DVFR_FAQ_for_Review_Teams_a3f71ae843.pdf,c2bfca8135585ba0d50e7c23f7efe105cf4bc8be76364cf068858155270c2690,,
2023-05-11T16:39:20.000Z,Archive,DVFRC_Agenda_5_16_23_5feee22e1f.pdf,1,https://dvfr.icjia-api.cloud/uploads/DVFRC_Agenda_5_16_23_5feee22e1f.pdf,https://dvfr.illinois.gov/meetings/illinois-domestic-violence-fatality-review-committee-may-16-2023/,pdf,654558,https://audit.icjia.app/report/ffef105b31dfb0751e88daeea928b492,DVFR,dvfr-strapi-prod,192.241.146.85,pdf,,/home/forge/dvfr.icjia-api.cloud/strapi_v4/public/uploads,DVFRC_Agenda_5_16_23_5feee22e1f.pdf,/home/forge/dvfr.icjia-api.cloud/strapi_v4/public/uploads/DVFRC_Agenda_5_16_23_5feee22e1f.pdf,1514a0beaaa88ba1c425cb99457c05d95fcac53e910be0dcba45eaa570ea492d,,
2023-05-09T14:30:03.000Z,Remove,DVFRC_Agenda_5_17_23_8f5d69bd68.pdf,1,https://dvfr.icjia-api.cloud/uploads/DVFRC_Agenda_5_17_23_8f5d69bd68.pdf,No,pdf,610193,https://audit.icjia.app/report/da53ea392c350e762f114ea9d7b0192c,DVFR,dvfr-strapi-prod,192.241.146.85,pdf,,/home/forge/dvfr.icjia-api.cloud/strapi_v4/public/uploads,DVFRC_Agenda_5_17_23_8f5d69bd68.pdf,/home/forge/dvfr.icjia-api.cloud/strapi_v4/public/uploads/DVFRC_Agenda_5_17_23_8f5d69bd68.pdf,edb90332f6401568399692aa9f1ba50554c7569276b6623fb4d2d5df422af9d9,,
2023-03-17T23:09:23.000Z,Archive,DVFR_Agenda_3_21_23_draft_e8841cae58.pdf,1,https://dvfr.icjia-api.cloud/uploads/DVFR_Agenda_3_21_23_draft_e8841cae58.pdf,https://dvfr.illinois.gov/meetings/illinois-domestic-violence-fatality-review-committee-mar-21-2023/,pdf,101857,https://audit.icjia.app/report/0b3ae3051ca33ce785716463a144dae0,DVFR,dvfr-strapi-prod,192.241.146.85,pdf,,/home/forge/dvfr.icjia-api.cloud/strapi_v4/public/uploads,DVFR_Agenda_3_21_23_draft_e8841cae58.pdf,/home/forge/dvfr.icjia-api.cloud/strapi_v4/public/uploads/DVFR_Agenda_3_21_23_draft_e8841cae58.pdf,6976420210c6a8144a78b3a72ec1760fa076f34c62ae7d64355dae305eff3237,,
2023-03-02T14:51:43.000Z,Archive,June_21_2022_Meeting_agenda_0346177de2.pdf,2,https://dvfr.icjia-api.cloud/uploads/June_21_2022_Meeting_agenda_0346177de2.pdf,https://dvfr.illinois.gov/meetings/illinois-domestic-violence-fatality-review-committee-jun-21-2022/,pdf,35080,https://audit.icjia.app/report/dd2adcec7a3af63dcdeb43748bf95642,DVFR,dvfr-strapi-prod,192.241.146.85,pdf,,/home/forge/dvfr.icjia-api.cloud/strapi_v4/public/uploads,June_21_2022_Meeting_agenda_0346177de2.pdf,/home/forge/dvfr.icjia-api.cloud/strapi_v4/public/uploads/June_21_2022_Meeting_agenda_0346177de2.pdf,41ca3fb7957cd9ce0125f53b677e27b5fbf0baa78d3b374130940cdab3b2de4a,,
2023-03-02T14:51:43.000Z,Archive,June_21_2022_Meeting_minutes_312417caf6.pdf,8,https://dvfr.icjia-api.cloud/uploads/June_21_2022_Meeting_minutes_312417caf6.pdf,https://dvfr.illinois.gov/meetings/illinois-domestic-violence-fatality-review-committee-jun-21-2022/,pdf,137123,https://audit.icjia.app/report/4c1655a5242f70835734f328fba9c490,DVFR,dvfr-strapi-prod,192.241.146.85,pdf,,/home/forge/dvfr.icjia-api.cloud/strapi_v4/public/uploads,June_21_2022_Meeting_minutes_312417caf6.pdf,/home/forge/dvfr.icjia-api.cloud/strapi_v4/public/uploads/June_21_2022_Meeting_minutes_312417caf6.pdf,dd0aec80a66566fdbd2ba25307bd9aee928e6b7e3383d8821f94a0e9b596ed93,,
2023-03-02T14:48:32.000Z,Archive,March_15_2022_Meeting_agenda_2dfd9a6562.pdf,1,https://dvfr.icjia-api.cloud/uploads/March_15_2022_Meeting_agenda_2dfd9a6562.pdf,https://dvfr.illinois.gov/meetings/illinois-domestic-violence-fatality-review-committee-mar-15-2022/,pdf,33096,https://audit.icjia.app/report/6b9706ddd047345cd15117d6ebff3498,DVFR,dvfr-strapi-prod,192.241.146.85,pdf,,/home/forge/dvfr.icjia-api.cloud/strapi_v4/public/uploads,March_15_2022_Meeting_agenda_2dfd9a6562.pdf,/home/forge/dvfr.icjia-api.cloud/strapi_v4/public/uploads/March_15_2022_Meeting_agenda_2dfd9a6562.pdf,b3c7d074247641ff69d8d61bc77f438b7235d7cf28200b94cc89eb45690c4c6d,,
2023-03-02T14:48:32.000Z,Archive,March_15_2022_Meeting_minutes_final_f2c8cf73ff.pdf,4,https://dvfr.icjia-api.cloud/uploads/March_15_2022_Meeting_minutes_final_f2c8cf73ff.pdf,https://dvfr.illinois.gov/meetings/illinois-domestic-violence-fatality-review-committee-mar-15-2022/,pdf,153753,https://audit.icjia.app/report/46693201e310ec4feecb3df2b985783a,DVFR,dvfr-strapi-prod,192.241.146.85,pdf,,/home/forge/dvfr.icjia-api.cloud/strapi_v4/public/uploads,March_15_2022_Meeting_minutes_final_f2c8cf73ff.pdf,/home/forge/dvfr.icjia-api.cloud/strapi_v4/public/uploads/March_15_2022_Meeting_minutes_final_f2c8cf73ff.pdf,d1441e704c3454a20f211de8835a03a4322b3acf06887509037a188d59746028,,
2023-03-02T13:22:39.000Z,Archive,September_22_2022_Meeting_agenda_fdcd74be2c.pdf,2,https://dvfr.icjia-api.cloud/uploads/September_22_2022_Meeting_agenda_fdcd74be2c.pdf,https://dvfr.illinois.gov/meetings/illinois-domestic-violence-fatality-review-committee-sep-22-2022/,pdf,33534,https://audit.icjia.app/report/1131a924b0fe07efb8f368896449b699,DVFR,dvfr-strapi-prod,192.241.146.85,pdf,,/home/forge/dvfr.icjia-api.cloud/strapi_v4/public/uploads,September_22_2022_Meeting_agenda_fdcd74be2c.pdf,/home/forge/dvfr.icjia-api.cloud/strapi_v4/public/uploads/September_22_2022_Meeting_agenda_fdcd74be2c.pdf,d02ce00f0f657d6dc4c948c9483b34f6213e6893234d5c4fe0be3a1e8dfd6d33,,
2023-03-02T13:22:39.000Z,Archive,September_22_2022_Meeting_Minutes_Final_10742f8004.pdf,5,https://dvfr.icjia-api.cloud/uploads/September_22_2022_Meeting_Minutes_Final_10742f8004.pdf,https://dvfr.illinois.gov/meetings/illinois-domestic-violence-fatality-review-committee-sep-22-2022/,pdf,166186,https://audit.icjia.app/report/20b3c993244ffe1c54914e9d8e30a798,DVFR,dvfr-strapi-prod,192.241.146.85,pdf,,/home/forge/dvfr.icjia-api.cloud/strapi_v4/public/uploads,September_22_2022_Meeting_Minutes_Final_10742f8004.pdf,/home/forge/dvfr.icjia-api.cloud/strapi_v4/public/uploads/September_22_2022_Meeting_Minutes_Final_10742f8004.pdf,6a71598345c7ab8fc02aa5f037b7d06c875da46ff91cef457dacc7179902a597,,
2023-03-02T13:13:38.000Z,Archive,November_15_2022_Meeting_minutes_final_8bafd50a58.pdf,6,https://dvfr.icjia-api.cloud/uploads/November_15_2022_Meeting_minutes_final_8bafd50a58.pdf,https://dvfr.illinois.gov/meetings/illinois-domestic-violence-fatality-review-committee-nov-15-2022/,pdf,224105,https://audit.icjia.app/report/18b8caf01fecc770fbee17d9204e58fd,DVFR,dvfr-strapi-prod,192.241.146.85,pdf,,/home/forge/dvfr.icjia-api.cloud/strapi_v4/public/uploads,November_15_2022_Meeting_minutes_final_8bafd50a58.pdf,/home/forge/dvfr.icjia-api.cloud/strapi_v4/public/uploads/November_15_2022_Meeting_minutes_final_8bafd50a58.pdf,5ab141d51049e086e8a02aeec045419209dbfd68bf1940056e174d0841b78ca0,,
2023-03-02T13:13:38.000Z,Archive,November_15_2022_Meeting_agenda_7e372144f0.pdf,1,https://dvfr.icjia-api.cloud/uploads/November_15_2022_Meeting_agenda_7e372144f0.pdf,https://dvfr.illinois.gov/meetings/illinois-domestic-violence-fatality-review-committee-nov-15-2022/,pdf,620207,https://audit.icjia.app/report/7d7ac87bb4ed969ee0314fee67ff3fb5,DVFR,dvfr-strapi-prod,192.241.146.85,pdf,,/home/forge/dvfr.icjia-api.cloud/strapi_v4/public/uploads,November_15_2022_Meeting_agenda_7e372144f0.pdf,/home/forge/dvfr.icjia-api.cloud/strapi_v4/public/uploads/November_15_2022_Meeting_agenda_7e372144f0.pdf,7e8145d5794e1ca99fba4c510f220ab1ca660ed49e791186c2a22aedf7ab7fd1,,
2023-03-02T12:52:09.000Z,Archive,January_13_2022_Meeting_agenda_e172779af3.pdf,2,https://dvfr.icjia-api.cloud/uploads/January_13_2022_Meeting_agenda_e172779af3.pdf,https://dvfr.illinois.gov/meetings/illinois-domestic-violence-fatality-review-committee-jan-13-2022/,pdf,34257,https://audit.icjia.app/report/b7668973426add21ea186d4c87bc35a0,DVFR,dvfr-strapi-prod,192.241.146.85,pdf,,/home/forge/dvfr.icjia-api.cloud/strapi_v4/public/uploads,January_13_2022_Meeting_agenda_e172779af3.pdf,/home/forge/dvfr.icjia-api.cloud/strapi_v4/public/uploads/January_13_2022_Meeting_agenda_e172779af3.pdf,4b9886c998c8ad4e5bf169fbf3a704122e546bf488098457738152cd35086c01,,
2023-03-02T12:52:09.000Z,Archive,January_13_2022_Meeting_minutes_final_c9f230fa00.pdf,5,https://dvfr.icjia-api.cloud/uploads/January_13_2022_Meeting_minutes_final_c9f230fa00.pdf,https://dvfr.illinois.gov/meetings/illinois-domestic-violence-fatality-review-committee-jan-13-2022/,pdf,71672,https://audit.icjia.app/report/59732a2e04431ca57d0f482b4a1aa729,DVFR,dvfr-strapi-prod,192.241.146.85,pdf,,/home/forge/dvfr.icjia-api.cloud/strapi_v4/public/uploads,January_13_2022_Meeting_minutes_final_c9f230fa00.pdf,/home/forge/dvfr.icjia-api.cloud/strapi_v4/public/uploads/January_13_2022_Meeting_minutes_final_c9f230fa00.pdf,f3f43a8142e540a91a038ea5da9bdddd30313787c5771efb5881002f0e9c92f4,,
2023-03-02T12:48:42.000Z,Archive,January_17_2023_Meeting_agenda_57312cdc91.pdf,1,https://dvfr.icjia-api.cloud/uploads/January_17_2023_Meeting_agenda_57312cdc91.pdf,https://dvfr.illinois.gov/meetings/illinois-domestic-violence-fatality-review-committee-jan-17-2023/,pdf,104719,https://audit.icjia.app/report/4f70c2f1f1e1203a1184b46eaf7afe1f,DVFR,dvfr-strapi-prod,192.241.146.85,pdf,,/home/forge/dvfr.icjia-api.cloud/strapi_v4/public/uploads,January_17_2023_Meeting_agenda_57312cdc91.pdf,/home/forge/dvfr.icjia-api.cloud/strapi_v4/public/uploads/January_17_2023_Meeting_agenda_57312cdc91.pdf,2b0d3ea3eb4da8fd54928039fe77e710767e82d1c201e26879fd0b08403e8f32,,
2023-02-18T04:54:32.000Z,Remove,ICJIA_Violence_Prevention_Committee_Meeting_Minutes_9_8_22_ad81760508.pdf,4,https://dvfr.icjia-api.cloud/uploads/ICJIA_Violence_Prevention_Committee_Meeting_Minutes_9_8_22_ad81760508.pdf,"https://dvfr.illinois.gov/news/nocens-umor-vitasset-tacto-quoque-sunt-sub/
https://dvfr.illinois.gov/publications/sati-regit-et-probor-carmine-illi-fere-auribus-propiora-sic-raptusque-mei-ictibus/
https://dvfr.illinois.gov/publications/publication-04/",pdf,575775,https://audit.icjia.app/report/968c2fa0414b7095e767bb4465906ab1,DVFR,dvfr-strapi-prod,192.241.146.85,pdf,,/home/forge/dvfr.icjia-api.cloud/strapi_v4/public/uploads,ICJIA_Violence_Prevention_Committee_Meeting_Minutes_9_8_22_ad81760508.pdf,/home/forge/dvfr.icjia-api.cloud/strapi_v4/public/uploads/ICJIA_Violence_Prevention_Committee_Meeting_Minutes_9_8_22_ad81760508.pdf,f938e70b478c9d1a0a872070f188f114a68ae66f3bb66b57f99c5cce0ac01ac7,,
2023-02-18T04:54:31.000Z,Remove,ICJIA_VP_Committee_Meeting_Minutes_2_10_22_9ec30c5f06.pdf,5,https://dvfr.icjia-api.cloud/uploads/ICJIA_VP_Committee_Meeting_Minutes_2_10_22_9ec30c5f06.pdf,https://dvfr.illinois.gov/publications/at-per-ut-letifera-silvae-caecoque-suum/,pdf,78825,https://audit.icjia.app/report/0164d7731f39b8f419bd4aa1080a4467,DVFR,dvfr-strapi-prod,192.241.146.85,pdf,,/home/forge/dvfr.icjia-api.cloud/strapi_v4/public/uploads,ICJIA_VP_Committee_Meeting_Minutes_2_10_22_9ec30c5f06.pdf,/home/forge/dvfr.icjia-api.cloud/strapi_v4/public/uploads/ICJIA_VP_Committee_Meeting_Minutes_2_10_22_9ec30c5f06.pdf,62b2d1b45005a4ef5721e5fedbc6f22ae880891cd7c8e32a88d49a4d8096bb30,,
2023-02-18T04:54:31.000Z,Remove,ICJIA_VP_Committee_Meeting_Minutes_6_9_22_2861f328cf.pdf,6,https://dvfr.icjia-api.cloud/uploads/ICJIA_VP_Committee_Meeting_Minutes_6_9_22_2861f328cf.pdf,https://dvfr.illinois.gov/news/virides-numam-aetolius-disiecit-pontus-plurimus-romana-calculus-mediis/,pdf,81196,https://audit.icjia.app/report/1645095829334c53c83bcd66b6a2ddd7,DVFR,dvfr-strapi-prod,192.241.146.85,pdf,,/home/forge/dvfr.icjia-api.cloud/strapi_v4/public/uploads,ICJIA_VP_Committee_Meeting_Minutes_6_9_22_2861f328cf.pdf,/home/forge/dvfr.icjia-api.cloud/strapi_v4/public/uploads/ICJIA_VP_Committee_Meeting_Minutes_6_9_22_2861f328cf.pdf,57440e8ec13fb5ad9b917c24f6c7082f311ea2b39a03f5b7fbfcbb0dad964dfb,,
2023-02-18T04:54:31.000Z,Remove,ICJIA_Violence_Prevention_Ad_Hoc_Committee_Meeting_2_23_23_454d733c52.pdf,1,https://dvfr.icjia-api.cloud/uploads/ICJIA_Violence_Prevention_Ad_Hoc_Committee_Meeting_2_23_23_454d733c52.pdf,"https://dvfr.illinois.gov/news/nocens-umor-vitasset-tacto-quoque-sunt-sub/
https://dvfr.illinois.gov/publications/at-per-ut-letifera-silvae-caecoque-suum/",pdf,144190,https://audit.icjia.app/report/731ec421dc2684ecfb9bd5acef7538dc,DVFR,dvfr-strapi-prod,192.241.146.85,pdf,,/home/forge/dvfr.icjia-api.cloud/strapi_v4/public/uploads,ICJIA_Violence_Prevention_Ad_Hoc_Committee_Meeting_2_23_23_454d733c52.pdf,/home/forge/dvfr.icjia-api.cloud/strapi_v4/public/uploads/ICJIA_Violence_Prevention_Ad_Hoc_Committee_Meeting_2_23_23_454d733c52.pdf,d5d7bd2f428a39735eace7ce63c5e183d60a9c8af3952d51564a161230d44244,,
2023-02-18T04:54:31.000Z,Remove,VPAHCAGENDA_June9_72a7f773aa.pdf,1,https://dvfr.icjia-api.cloud/uploads/VPAHCAGENDA_June9_72a7f773aa.pdf,https://dvfr.illinois.gov/news/virides-numam-aetolius-disiecit-pontus-plurimus-romana-calculus-mediis/,pdf,48957,https://audit.icjia.app/report/bd7288563a91196d8d5f7f8c916bcd02,DVFR,dvfr-strapi-prod,192.241.146.85,pdf,,/home/forge/dvfr.icjia-api.cloud/strapi_v4/public/uploads,VPAHCAGENDA_June9_72a7f773aa.pdf,/home/forge/dvfr.icjia-api.cloud/strapi_v4/public/uploads/VPAHCAGENDA_June9_72a7f773aa.pdf,02d77012d460db57845ca6b60ef0bbb3246bb39ab547deae5369e6ad5d9a4125,,
2023-02-18T04:54:31.000Z,Remove,VPAHCAGENDA_Sept_8_22_7cf823aa5e.pdf,1,https://dvfr.icjia-api.cloud/uploads/VPAHCAGENDA_Sept_8_22_7cf823aa5e.pdf,https://dvfr.illinois.gov/news/virides-numam-aetolius-disiecit-pontus-plurimus-romana-calculus-mediis/,pdf,61653,https://audit.icjia.app/report/a8c50810a64a8fde81f9ccad59c1d6d8,DVFR,dvfr-strapi-prod,192.241.146.85,pdf,,/home/forge/dvfr.icjia-api.cloud/strapi_v4/public/uploads,VPAHCAGENDA_Sept_8_22_7cf823aa5e.pdf,/home/forge/dvfr.icjia-api.cloud/strapi_v4/public/uploads/VPAHCAGENDA_Sept_8_22_7cf823aa5e.pdf,9d07d46bd47d5d43d7f9e39949e1366568c5fd4c897c4a2f17cc4301013ec4e4,,
2023-02-17T14:38:52.000Z,Remove,ARISFY_23_Expansion_Grants_NOFO_Instructions_547a9d0288_1ad3e33a5b.pdf,37,https://dvfr.icjia-api.cloud/uploads/ARISFY_23_Expansion_Grants_NOFO_Instructions_547a9d0288_1ad3e33a5b.pdf,No,pdf,623670,https://audit.icjia.app/report/80a069535c9e580f8e17070581832f1e,DVFR,dvfr-strapi-prod,192.241.146.85,pdf,,/home/forge/dvfr.icjia-api.cloud/strapi_v4/public/uploads,ARISFY_23_Expansion_Grants_NOFO_Instructions_547a9d0288_1ad3e33a5b.pdf,/home/forge/dvfr.icjia-api.cloud/strapi_v4/public/uploads/ARISFY_23_Expansion_Grants_NOFO_Instructions_547a9d0288_1ad3e33a5b.pdf,aedc050510d5021e18f97d4e9d69eee77fcaca617a240ccc6f10cca90873fcb0,,
2026-05-08T12:26:47.000Z,Remediate,DVFRC_Agenda_5_12_2026_128f9ca31d.docx,,https://dvfr.icjia-api.cloud/uploads/DVFRC_Agenda_5_12_2026_128f9ca31d.docx,https://dvfr.illinois.gov/meetings/illinois-domestic-violence-fatality-review-committee-may-12-2026/,office-document,43338,,DVFR,dvfr-strapi-prod,192.241.146.85,docx,,/home/forge/dvfr.icjia-api.cloud/strapi_v4/public/uploads,DVFRC_Agenda_5_12_2026_128f9ca31d.docx,/home/forge/dvfr.icjia-api.cloud/strapi_v4/public/uploads/DVFRC_Agenda_5_12_2026_128f9ca31d.docx,a8dde04006e4cc6895dddc1fa60c4a2a05cd7a6f8e80210729c2ab9be5eee5e7,,
2024-11-14T19:51:38.000Z,Remediate,DVFRC_Agenda_11_19_2024_52b8fdecc6.docx,,https://dvfr.icjia-api.cloud/uploads/DVFRC_Agenda_11_19_2024_52b8fdecc6.docx,https://dvfr.illinois.gov/meetings/illinois-domestic-violence-fatality-review-committee-nov-19-2024/,office-document,43028,,DVFR,dvfr-strapi-prod,192.241.146.85,docx,,/home/forge/dvfr.icjia-api.cloud/strapi_v4/public/uploads,DVFRC_Agenda_11_19_2024_52b8fdecc6.docx,/home/forge/dvfr.icjia-api.cloud/strapi_v4/public/uploads/DVFRC_Agenda_11_19_2024_52b8fdecc6.docx,b4a1c2e9d08364ec0b5b6fa5737443c4496bc437a86d01a14d39a9e9e1a08337,,
2023-05-04T15:33:38.000Z,Remove,ARINOFO_Questionsand_Answers_2f64146975_756bec4130.docx,,https://dvfr.icjia-api.cloud/uploads/ARINOFO_Questionsand_Answers_2f64146975_756bec4130.docx,No,office-document,28838,,DVFR,dvfr-strapi-prod,192.241.146.85,docx,,/home/forge/dvfr.icjia-api.cloud/strapi_v4/public/uploads,ARINOFO_Questionsand_Answers_2f64146975_756bec4130.docx,/home/forge/dvfr.icjia-api.cloud/strapi_v4/public/uploads/ARINOFO_Questionsand_Answers_2f64146975_756bec4130.docx,705c54b85d816030b3300da1ddeda149fcc94c2ce583569b1b99f6788980c23f,,
2023-03-14T18:22:37.000Z,Archive,03_21_23_DVFR_meeting_agenda_4700d7ceef.docx,,https://dvfr.icjia-api.cloud/uploads/03_21_23_DVFR_meeting_agenda_4700d7ceef.docx,https://dvfr.illinois.gov/meetings/illinois-domestic-violence-fatality-review-committee-mar-21-2023/,office-document,37813,,DVFR,dvfr-strapi-prod,192.241.146.85,docx,,/home/forge/dvfr.icjia-api.cloud/strapi_v4/public/uploads,03_21_23_DVFR_meeting_agenda_4700d7ceef.docx,/home/forge/dvfr.icjia-api.cloud/strapi_v4/public/uploads/03_21_23_DVFR_meeting_agenda_4700d7ceef.docx,ae50a7d26744eb806e788f0f91f09164ac6567366a285bdb45d929891dab27e4,,
2023-02-18T04:54:32.000Z,Remove,Firearm_Prohibitors_Task_Force_Agenda_2_22_23_734e29caa5.docx,,https://dvfr.icjia-api.cloud/uploads/Firearm_Prohibitors_Task_Force_Agenda_2_22_23_734e29caa5.docx,https://dvfr.illinois.gov/publications/borem-markdownum-querellis-si-cum-vera-corpore-et-speciem-conquerar-arbiter-magno-alvum-per/,office-document,617517,,DVFR,dvfr-strapi-prod,192.241.146.85,docx,,/home/forge/dvfr.icjia-api.cloud/strapi_v4/public/uploads,Firearm_Prohibitors_Task_Force_Agenda_2_22_23_734e29caa5.docx,/home/forge/dvfr.icjia-api.cloud/strapi_v4/public/uploads/Firearm_Prohibitors_Task_Force_Agenda_2_22_23_734e29caa5.docx,fb93d75d445a4376da15d814ccb8dfb76e4d2c5143e802c779fa7e15d9bbd14d,,
2023-02-16T02:56:36.000Z,Remove,DVFR_website_outline_draft_50c324b77e.docx,,https://dvfr.icjia-api.cloud/uploads/DVFR_website_outline_draft_50c324b77e.docx,https://dvfr.illinois.gov/news/acciperet-relicto-utinam-pumice-sacrasque-foedera-renidenti-sociis/,office-document,21872,,DVFR,dvfr-strapi-prod,192.241.146.85,docx,,/home/forge/dvfr.icjia-api.cloud/strapi_v4/public/uploads,DVFR_website_outline_draft_50c324b77e.docx,/home/forge/dvfr.icjia-api.cloud/strapi_v4/public/uploads/DVFR_website_outline_draft_50c324b77e.docx,48cd53c1e443676f517201fab5edbf49964a4c9ccd6d5db9c6a504448a0e2bf3,,
TOTAL,,,490,,,,,,,,,,,,,,,,
